"id","category","created_on","body"

"1","","2020-08-17 13:21:12.118402+00:00","<p>hjgfhjghjgh</p>"

"2","","2020-08-17 14:42:18.560518+00:00","am glad its today"

"3","","2020-08-17 18:17:48.999816+00:00","Being g;ad that today is  going to be a successfull month"

"4","","2020-08-17 18:19:38.960512+00:00","glad glad glad"

"5","fun","2020-08-18 03:52:55.918827+00:00","leo ni ile siku ambayo tunajibamba"

"6","","2020-08-20 11:16:44.667208+00:00","Django Django are a British art rock band based in London, England. The group was formed in ... Because Music released the band's self-titled debut album on 30 January 2012. ... 4 May 2015; Label: Because Music, Ribbon Music; Formats: CD, LP, digital down"

"7","","2020-08-20 11:18:26.275922+00:00","released released released"

"8","","2020-09-15 09:17:10.678240+00:00","Switching to boxicons is easy and can be done in 2 steps. There are more features than just the icons set. Boxicons also follows the official Google Material Design guidelines"

"9","","2020-09-15 09:19:09.371154+00:00","High Quality Web Icons Set

Boxicons is a simple vector icons set carefully crafted for designers and developers to use in your next project"

"10","","2020-09-15 09:23:59.952997+00:00","You can change the speed of the animation with the animation-duration property & to change the number of times the animation takes place with the property animation-iteration-count in CSS"

"11","","2020-09-15 09:24:56.029266+00:00","You can change the speed of the animation with the animation-duration property & to change the number of times the animation takes place with the property animation-iteration-count in CSS is is"

"12","","2021-03-21 19:01:01.326343+00:00","klhjdsklcbnx;lc jfv"

